[
{
    "model": "lobbies.activityoption",
    "pk": 1,
    "fields": {
        "created": "2019-04-16T01:18:25.305Z",
        "updated": "2019-04-16T01:36:28.423Z",
        "slug": "cluster-buster",
        "start_text": "Start a new Cluster Buster game",
        "start_url": "start_cluster_buster/",
        "minimum_player": 4,
        "minimum_teams": 2,
        "minimum_players_per_team": 2
    }
},
{
    "model": "gamedefinitions.rule",
    "pk": 1,
    "fields": {
        "created": "2019-03-05T02:41:59.328Z",
        "updated": "2019-03-31T11:18:55.048Z",
        "slug": "cluster_buster_team_won",
        "description": "If any team gets 2 winning tokens, they win the game. The opposing team loses."
    }
},
{
    "model": "gamedefinitions.rule",
    "pk": 2,
    "fields": {
        "created": "2019-03-05T02:42:22.021Z",
        "updated": "2019-03-31T11:19:04.938Z",
        "slug": "cluster_buster_team_lost",
        "description": "If any team gets 2 losing tokens, they lose the game."
    }
},
{
    "model": "gamedefinitions.rule",
    "pk": 3,
    "fields": {
        "created": "2019-03-05T02:44:38.370Z",
        "updated": "2019-03-05T03:09:01.126Z",
        "slug": "cluster_buster_win_tokens",
        "description": "Winning tokens are awarded to teams that successfully guess the opponent team's secret code in a round."
    }
},
{
    "model": "gamedefinitions.rule",
    "pk": 4,
    "fields": {
        "created": "2019-03-05T02:45:10.096Z",
        "updated": "2019-03-05T02:45:10.096Z",
        "slug": "cluster_buster_lose_tokens",
        "description": "Losing tokens are awarded to teams that unsuccessfully guess their team's secret code in a round."
    }
},
{
    "model": "gamedefinitions.rule",
    "pk": 5,
    "fields": {
        "created": "2019-03-05T02:58:05.698Z",
        "updated": "2019-03-05T03:08:31.226Z",
        "slug": "cluster_buster_first_round_condition",
        "description": "Once both teams have drawn their SECRET code words, they proceed to the first round of the game."
    }
},
{
    "model": "gamedefinitions.rule",
    "pk": 6,
    "fields": {
        "created": "2019-03-05T03:03:23.098Z",
        "updated": "2019-03-05T03:07:12.391Z",
        "slug": "cluster_buster_start_game",
        "description": "At the start of the game, players are divided into two teams. A deck of SECRET code words is shuffled randomly. Two identical decks of SECRET code numbers are also shuffled and assigned to each team. Winning tokens and Losing tokens are tracked by each team, and both teams start at 0. The game starts by having the players draw SECRET code words."
    }
},
{
    "model": "gamedefinitions.rule",
    "pk": 7,
    "fields": {
        "created": "2019-03-05T03:09:39.352Z",
        "updated": "2019-03-05T03:09:39.352Z",
        "slug": "cluster_buster_draw_words",
        "description": "At the start of the game, both teams draw their SECRET code words. 4 words are chosen randomly from the word deck by both teams. These words that are assigned to keys 1, 2, 3, and 4 on each team. These are meant to be kept secret from the other team."
    }
},
{
    "model": "gamedefinitions.rule",
    "pk": 8,
    "fields": {
        "created": "2019-03-05T03:12:55.125Z",
        "updated": "2019-03-05T03:12:55.125Z",
        "slug": "cluster_buster_assign_team_leader",
        "description": "At the start of any round, a team leader is assigned from the list of players in any sequential and repeating order."
    }
},
{
    "model": "gamedefinitions.rule",
    "pk": 9,
    "fields": {
        "created": "2019-03-05T03:17:23.449Z",
        "updated": "2019-03-05T03:17:23.449Z",
        "slug": "cluster_buster_leaders_draw_code_numbers",
        "description": "The leaders of each team trigger the next stage of the round by drawing from their team's assigned deck of randomly shuffled SECRET code numbers. Leaders are not to share this number with anyone, including their own teammates. At this point of the round, any information shared must be across teams and players. No secret information is allowed to be used beyond the code words assigned to slots 1-4."
    }
},
{
    "model": "gamedefinitions.rule",
    "pk": 10,
    "fields": {
        "created": "2019-03-10T06:00:38.502Z",
        "updated": "2019-03-10T06:00:38.502Z",
        "slug": "cluster_buster_secret_words_drawn",
        "description": "When each team has 4 SECRET words, the game can proceed to the first round."
    }
},
{
    "model": "gamedefinitions.rule",
    "pk": 11,
    "fields": {
        "created": "2019-03-12T03:03:11.552Z",
        "updated": "2019-04-10T23:56:56.198Z",
        "slug": "cluster_buster_start_first_round",
        "description": "Sets the current round to the first round (1) of the game, and defines the last round (8) as the limit."
    }
},
{
    "model": "gamedefinitions.rule",
    "pk": 12,
    "fields": {
        "created": "2019-03-13T00:54:13.998Z",
        "updated": "2019-03-13T00:54:13.998Z",
        "slug": "cluster_buster_team_leaders_assigned",
        "description": "Once team leaders are assigned, they can proceed to draw the SECRET code numbers."
    }
},
{
    "model": "gamedefinitions.rule",
    "pk": 13,
    "fields": {
        "created": "2019-03-13T00:55:57.514Z",
        "updated": "2019-03-13T00:55:57.514Z",
        "slug": "cluster_buster_code_numbers_drawn",
        "description": "Once team leaders have drawn their code numbers, they come up with their hints."
    }
},
{
    "model": "gamedefinitions.rule",
    "pk": 14,
    "fields": {
        "created": "2019-03-13T01:25:01.969Z",
        "updated": "2019-03-24T21:31:52.491Z",
        "slug": "cluster_buster_leaders_made_hints",
        "description": "The round proceeds to the next stage when both team leaders have submitted their hints."
    }
},
{
    "model": "gamedefinitions.rule",
    "pk": 15,
    "fields": {
        "created": "2019-03-24T21:33:56.193Z",
        "updated": "2019-03-24T22:15:49.283Z",
        "slug": "cluster_buster_teams_made_guesses",
        "description": "The round proceeds to the next stage when teams have submitted their guesses for the hints given of both teams."
    }
},
{
    "model": "gamedefinitions.rule",
    "pk": 16,
    "fields": {
        "created": "2019-04-10T23:58:13.960Z",
        "updated": "2019-04-11T02:18:43.367Z",
        "slug": "cluster_buster_start_next_round",
        "description": "If this is not the last round of the game, then increment the current round by one (1). Set the round stage back to the selecting leaders stage."
    }
},
{
    "model": "gamedefinitions.rule",
    "pk": 17,
    "fields": {
        "created": "2019-04-11T02:52:08.860Z",
        "updated": "2019-04-11T02:52:08.860Z",
        "slug": "cluster_buster_score_teams",
        "description": "Teams are scored together. When a team guesses correctly their opponent's code, they collect one (1) winning token. When a team guesses incorrectly their team's code, they collect one (1) losing token."
    }
},
{
    "model": "gamedefinitions.rule",
    "pk": 18,
    "fields": {
        "created": "2019-04-11T05:46:09.958Z",
        "updated": "2019-04-11T05:46:09.958Z",
        "slug": "cluster_buster_final_scoring",
        "description": "When either team has reached the required number of tokens for winning or losing, or the final round is concluded, then the game is scored to get the winning and losing teams. Two winning tokens result in a team winning the game, while two losing tokens result in a team losing the game. Otherwise, the team with the most winning tokens wins the game, or the team with most losing tokens loses the game."
    }
},
{
    "model": "gamedefinitions.state",
    "pk": 1,
    "fields": {
        "created": "2019-03-03T02:43:13.979Z",
        "updated": "2019-03-29T08:36:18.734Z",
        "slug": "game_init",
        "name": "Game Initialization"
    }
},
{
    "model": "gamedefinitions.state",
    "pk": 2,
    "fields": {
        "created": "2019-03-03T02:43:24.958Z",
        "updated": "2019-03-09T07:23:50.526Z",
        "slug": "game_play",
        "name": "Game is in play"
    }
},
{
    "model": "gamedefinitions.state",
    "pk": 3,
    "fields": {
        "created": "2019-03-03T02:43:28.883Z",
        "updated": "2019-03-03T02:43:28.883Z",
        "slug": "game_over",
        "name": ""
    }
},
{
    "model": "gamedefinitions.state",
    "pk": 4,
    "fields": {
        "created": "2019-03-03T02:43:37.652Z",
        "updated": "2019-03-10T06:02:51.932Z",
        "slug": "draw_words_stage",
        "name": "Teams Draw Secret Words"
    }
},
{
    "model": "gamedefinitions.state",
    "pk": 5,
    "fields": {
        "created": "2019-03-03T02:44:21.251Z",
        "updated": "2019-03-12T03:03:22.050Z",
        "slug": "rounds_stage",
        "name": ""
    }
},
{
    "model": "gamedefinitions.state",
    "pk": 6,
    "fields": {
        "created": "2019-03-03T02:45:37.564Z",
        "updated": "2019-03-12T03:18:25.205Z",
        "slug": "first_round",
        "name": ""
    }
},
{
    "model": "gamedefinitions.state",
    "pk": 7,
    "fields": {
        "created": "2019-03-03T02:45:44.294Z",
        "updated": "2019-03-03T02:45:44.294Z",
        "slug": "middle_rounds",
        "name": ""
    }
},
{
    "model": "gamedefinitions.state",
    "pk": 8,
    "fields": {
        "created": "2019-03-03T02:45:50.421Z",
        "updated": "2019-03-03T02:45:50.421Z",
        "slug": "last_round",
        "name": ""
    }
},
{
    "model": "gamedefinitions.state",
    "pk": 9,
    "fields": {
        "created": "2019-03-03T02:45:56.784Z",
        "updated": "2019-03-13T00:56:27.700Z",
        "slug": "select_leader_stage",
        "name": ""
    }
},
{
    "model": "gamedefinitions.state",
    "pk": 10,
    "fields": {
        "created": "2019-03-03T03:12:34.257Z",
        "updated": "2019-03-13T00:56:54.219Z",
        "slug": "draw_code_card_stage",
        "name": ""
    }
},
{
    "model": "gamedefinitions.state",
    "pk": 11,
    "fields": {
        "created": "2019-03-03T03:12:40.822Z",
        "updated": "2019-04-10T22:40:44.826Z",
        "slug": "leaders_make_hints_stage",
        "name": "Hint Making"
    }
},
{
    "model": "gamedefinitions.state",
    "pk": 12,
    "fields": {
        "created": "2019-03-03T03:12:50.372Z",
        "updated": "2019-04-10T22:40:56.246Z",
        "slug": "teams_share_hints_stage",
        "name": "Teams Share Hints"
    }
},
{
    "model": "gamedefinitions.state",
    "pk": 13,
    "fields": {
        "created": "2019-03-03T03:12:58.252Z",
        "updated": "2019-04-10T22:41:06.270Z",
        "slug": "teams_guess_codes_stage",
        "name": "Teams Guess Codes"
    }
},
{
    "model": "gamedefinitions.state",
    "pk": 14,
    "fields": {
        "created": "2019-03-03T03:13:07.564Z",
        "updated": "2019-04-10T22:41:19.525Z",
        "slug": "teams_share_guesses_stage",
        "name": "Teams Share Guesses"
    }
},
{
    "model": "gamedefinitions.state",
    "pk": 15,
    "fields": {
        "created": "2019-03-03T03:13:15.371Z",
        "updated": "2019-04-10T22:41:31.309Z",
        "slug": "score_teams_stage",
        "name": "Teams Getting Scored"
    }
},
{
    "model": "gamedefinitions.state",
    "pk": 16,
    "fields": {
        "created": "2019-04-11T05:15:38.106Z",
        "updated": "2019-04-11T05:15:38.106Z",
        "slug": "final_scoring_stage",
        "name": "Final Scoring Stage"
    }
},
{
    "model": "gamedefinitions.statemachine",
    "pk": 1,
    "fields": {
        "slug": "fsm0",
        "root_state": 1
    }
},
{
    "model": "gamedefinitions.statemachine",
    "pk": 2,
    "fields": {
        "slug": "fsm1",
        "root_state": 1
    }
},
{
    "model": "gamedefinitions.statemachine",
    "pk": 3,
    "fields": {
        "slug": "fsm2",
        "root_state": 1
    }
},
{
    "model": "gamedefinitions.statemachine",
    "pk": 4,
    "fields": {
        "slug": "fsm3",
        "root_state": 1
    }
},
{
    "model": "gamedefinitions.transition",
    "pk": 1,
    "fields": {
        "label": "game_is_ready",
        "from_state": 1,
        "to_state": 2
    }
},
{
    "model": "gamedefinitions.transition",
    "pk": 2,
    "fields": {
        "label": "team_lost",
        "from_state": 2,
        "to_state": 3
    }
},
{
    "model": "gamedefinitions.transition",
    "pk": 3,
    "fields": {
        "label": "team_won",
        "from_state": 2,
        "to_state": 3
    }
},
{
    "model": "gamedefinitions.transition",
    "pk": 4,
    "fields": {
        "label": "secret_words_drawn",
        "from_state": 4,
        "to_state": 5
    }
},
{
    "model": "gamedefinitions.transition",
    "pk": 5,
    "fields": {
        "label": "code_numbers_drawn",
        "from_state": 10,
        "to_state": 11
    }
},
{
    "model": "gamedefinitions.transition",
    "pk": 6,
    "fields": {
        "label": "guesses_submitted",
        "from_state": 13,
        "to_state": 14
    }
},
{
    "model": "gamedefinitions.transition",
    "pk": 7,
    "fields": {
        "label": "hints_submitted",
        "from_state": 11,
        "to_state": 13
    }
},
{
    "model": "gamedefinitions.transition",
    "pk": 9,
    "fields": {
        "label": "team_leader_assigned",
        "from_state": 9,
        "to_state": 10
    }
},
{
    "model": "gamedefinitions.gamedefinition",
    "pk": 1,
    "fields": {
        "created": "2019-03-05T01:16:17.756Z",
        "updated": "2019-04-11T05:17:04.485Z",
        "slug": "cluster_buster",
        "title": "Cluster Buster v 0.1.0",
        "description": "Cluster Buster is based on Decrypto board game. Made for web.",
        "first_rule": 6,
        "states": [
            1,
            2,
            3,
            4,
            5,
            6,
            7,
            8,
            9,
            10,
            11,
            12,
            13,
            14,
            15,
            16
        ],
        "state_machines": [
            1,
            2,
            3,
            4
        ],
        "rules": [
            17,
            16,
            15,
            14,
            13,
            12,
            11,
            10,
            9,
            8,
            7,
            6,
            5,
            4,
            3,
            2,
            1
        ]
    }
},
{
    "model": "core.word",
    "pk": 1,
    "fields": {
        "created": "2018-08-07T22:40:08.962Z",
        "updated": "2018-08-07T22:40:08.962Z",
        "text": "biology"
    }
},
{
    "model": "core.word",
    "pk": 2,
    "fields": {
        "created": "2018-08-07T22:55:29.072Z",
        "updated": "2018-08-07T22:55:29.072Z",
        "text": "chemistry"
    }
},
{
    "model": "core.word",
    "pk": 3,
    "fields": {
        "created": "2018-08-07T22:55:40.262Z",
        "updated": "2018-08-07T22:55:40.262Z",
        "text": "mathematics"
    }
},
{
    "model": "core.word",
    "pk": 4,
    "fields": {
        "created": "2018-08-07T22:56:16.025Z",
        "updated": "2018-08-07T22:56:16.025Z",
        "text": "algebra"
    }
},
{
    "model": "core.word",
    "pk": 5,
    "fields": {
        "created": "2018-08-07T22:56:19.765Z",
        "updated": "2018-08-07T22:56:19.765Z",
        "text": "calculus"
    }
},
{
    "model": "core.word",
    "pk": 6,
    "fields": {
        "created": "2018-08-07T22:56:27.963Z",
        "updated": "2018-08-07T22:56:27.963Z",
        "text": "physics"
    }
},
{
    "model": "core.word",
    "pk": 7,
    "fields": {
        "created": "2018-08-07T22:56:34.095Z",
        "updated": "2018-08-07T22:56:34.095Z",
        "text": "astronomy"
    }
},
{
    "model": "core.word",
    "pk": 8,
    "fields": {
        "created": "2018-08-07T22:57:48.614Z",
        "updated": "2018-08-07T22:57:48.614Z",
        "text": "zoology"
    }
},
{
    "model": "core.word",
    "pk": 9,
    "fields": {
        "created": "2018-08-07T22:58:00.043Z",
        "updated": "2018-08-07T22:58:00.043Z",
        "text": "linguistics"
    }
},
{
    "model": "core.word",
    "pk": 10,
    "fields": {
        "created": "2018-08-07T22:58:46.321Z",
        "updated": "2018-08-07T22:58:46.321Z",
        "text": "cat"
    }
},
{
    "model": "core.word",
    "pk": 11,
    "fields": {
        "created": "2018-08-07T22:58:49.689Z",
        "updated": "2018-08-07T22:58:49.689Z",
        "text": "dog"
    }
},
{
    "model": "core.word",
    "pk": 12,
    "fields": {
        "created": "2018-08-07T22:58:53.304Z",
        "updated": "2018-08-07T22:58:53.304Z",
        "text": "horse"
    }
},
{
    "model": "core.word",
    "pk": 13,
    "fields": {
        "created": "2018-08-07T22:58:56.071Z",
        "updated": "2018-08-07T22:58:56.071Z",
        "text": "pig"
    }
},
{
    "model": "core.word",
    "pk": 14,
    "fields": {
        "created": "2018-08-07T22:58:58.466Z",
        "updated": "2018-08-07T22:58:58.466Z",
        "text": "cow"
    }
},
{
    "model": "core.word",
    "pk": 15,
    "fields": {
        "created": "2018-08-07T22:59:03.166Z",
        "updated": "2018-08-07T22:59:03.166Z",
        "text": "goat"
    }
},
{
    "model": "core.word",
    "pk": 16,
    "fields": {
        "created": "2018-08-07T22:59:06.437Z",
        "updated": "2018-08-07T22:59:06.437Z",
        "text": "sheep"
    }
},
{
    "model": "core.word",
    "pk": 17,
    "fields": {
        "created": "2018-08-07T22:59:19.253Z",
        "updated": "2018-08-07T22:59:19.253Z",
        "text": "wolf"
    }
},
{
    "model": "core.word",
    "pk": 18,
    "fields": {
        "created": "2018-08-07T22:59:24.455Z",
        "updated": "2018-08-07T22:59:24.455Z",
        "text": "bear"
    }
},
{
    "model": "core.word",
    "pk": 19,
    "fields": {
        "created": "2018-08-07T22:59:27.043Z",
        "updated": "2018-08-07T22:59:27.043Z",
        "text": "deer"
    }
},
{
    "model": "core.word",
    "pk": 20,
    "fields": {
        "created": "2018-08-07T22:59:36.473Z",
        "updated": "2018-08-07T22:59:36.473Z",
        "text": "squirrel"
    }
},
{
    "model": "core.word",
    "pk": 21,
    "fields": {
        "created": "2018-08-07T23:00:31.958Z",
        "updated": "2018-08-07T23:00:31.958Z",
        "text": "mouse"
    }
},
{
    "model": "core.word",
    "pk": 22,
    "fields": {
        "created": "2018-08-07T23:01:00.633Z",
        "updated": "2018-08-07T23:01:00.633Z",
        "text": "rat"
    }
},
{
    "model": "core.word",
    "pk": 23,
    "fields": {
        "created": "2018-08-07T23:01:13.839Z",
        "updated": "2018-08-07T23:01:13.839Z",
        "text": "monkey"
    }
},
{
    "model": "core.word",
    "pk": 24,
    "fields": {
        "created": "2018-08-07T23:01:17.168Z",
        "updated": "2018-08-07T23:01:17.168Z",
        "text": "human"
    }
},
{
    "model": "core.word",
    "pk": 25,
    "fields": {
        "created": "2018-08-07T23:01:25.318Z",
        "updated": "2018-08-07T23:01:25.318Z",
        "text": "dolphin"
    }
},
{
    "model": "core.word",
    "pk": 26,
    "fields": {
        "created": "2018-08-07T23:01:28.185Z",
        "updated": "2018-08-07T23:01:28.185Z",
        "text": "whale"
    }
},
{
    "model": "core.word",
    "pk": 27,
    "fields": {
        "created": "2018-08-07T23:01:34.170Z",
        "updated": "2018-08-07T23:01:34.170Z",
        "text": "fish"
    }
},
{
    "model": "core.word",
    "pk": 28,
    "fields": {
        "created": "2018-08-07T23:01:43.736Z",
        "updated": "2018-08-07T23:01:43.736Z",
        "text": "jellyfish"
    }
},
{
    "model": "core.word",
    "pk": 29,
    "fields": {
        "created": "2018-08-07T23:01:47.059Z",
        "updated": "2018-08-07T23:01:47.059Z",
        "text": "squid"
    }
},
{
    "model": "core.word",
    "pk": 30,
    "fields": {
        "created": "2018-08-07T23:01:50.484Z",
        "updated": "2018-08-07T23:01:50.484Z",
        "text": "octopus"
    }
},
{
    "model": "core.word",
    "pk": 31,
    "fields": {
        "created": "2018-08-07T23:02:17.746Z",
        "updated": "2018-08-07T23:02:17.746Z",
        "text": "coral"
    }
},
{
    "model": "core.word",
    "pk": 32,
    "fields": {
        "created": "2018-08-07T23:02:29.589Z",
        "updated": "2018-08-07T23:02:29.589Z",
        "text": "seaweed"
    }
},
{
    "model": "core.word",
    "pk": 33,
    "fields": {
        "created": "2018-08-07T23:02:41.539Z",
        "updated": "2018-08-07T23:02:41.539Z",
        "text": "clam"
    }
},
{
    "model": "core.word",
    "pk": 34,
    "fields": {
        "created": "2018-08-07T23:02:47.043Z",
        "updated": "2018-08-07T23:02:47.043Z",
        "text": "crab"
    }
},
{
    "model": "core.word",
    "pk": 35,
    "fields": {
        "created": "2018-08-07T23:02:49.997Z",
        "updated": "2018-08-07T23:02:49.997Z",
        "text": "turtle"
    }
},
{
    "model": "core.word",
    "pk": 36,
    "fields": {
        "created": "2018-08-07T23:03:10.650Z",
        "updated": "2018-08-07T23:03:10.650Z",
        "text": "tortoise"
    }
},
{
    "model": "core.word",
    "pk": 37,
    "fields": {
        "created": "2018-08-07T23:03:40.353Z",
        "updated": "2018-08-07T23:03:40.353Z",
        "text": "hare"
    }
},
{
    "model": "core.word",
    "pk": 38,
    "fields": {
        "created": "2018-08-07T23:03:44.320Z",
        "updated": "2018-08-07T23:03:44.320Z",
        "text": "rabbit"
    }
},
{
    "model": "core.word",
    "pk": 39,
    "fields": {
        "created": "2018-08-07T23:04:03.390Z",
        "updated": "2018-08-07T23:04:03.390Z",
        "text": "bunny"
    }
},
{
    "model": "core.word",
    "pk": 40,
    "fields": {
        "created": "2018-08-07T23:04:13.312Z",
        "updated": "2018-08-07T23:04:13.312Z",
        "text": "fox"
    }
},
{
    "model": "core.word",
    "pk": 41,
    "fields": {
        "created": "2018-08-07T23:04:36.626Z",
        "updated": "2018-08-07T23:04:36.626Z",
        "text": "tiger"
    }
},
{
    "model": "core.word",
    "pk": 42,
    "fields": {
        "created": "2018-08-07T23:04:39.042Z",
        "updated": "2018-08-07T23:04:39.042Z",
        "text": "lion"
    }
},
{
    "model": "core.word",
    "pk": 43,
    "fields": {
        "created": "2018-08-07T23:04:42.015Z",
        "updated": "2018-08-07T23:04:42.015Z",
        "text": "zebra"
    }
},
{
    "model": "core.word",
    "pk": 44,
    "fields": {
        "created": "2018-08-07T23:04:55.584Z",
        "updated": "2018-08-07T23:04:55.584Z",
        "text": "giraffe"
    }
},
{
    "model": "core.word",
    "pk": 45,
    "fields": {
        "created": "2018-08-07T23:04:59.278Z",
        "updated": "2018-08-07T23:04:59.278Z",
        "text": "elephant"
    }
},
{
    "model": "core.word",
    "pk": 46,
    "fields": {
        "created": "2018-08-07T23:05:08.679Z",
        "updated": "2018-08-07T23:05:08.679Z",
        "text": "hippo"
    }
},
{
    "model": "core.word",
    "pk": 47,
    "fields": {
        "created": "2018-08-07T23:05:19.844Z",
        "updated": "2018-08-07T23:05:19.844Z",
        "text": "gorilla"
    }
},
{
    "model": "core.word",
    "pk": 48,
    "fields": {
        "created": "2018-08-07T23:05:23.690Z",
        "updated": "2018-08-07T23:05:23.690Z",
        "text": "hyena"
    }
},
{
    "model": "core.word",
    "pk": 49,
    "fields": {
        "created": "2018-08-07T23:06:01.450Z",
        "updated": "2018-08-07T23:06:01.450Z",
        "text": "air"
    }
},
{
    "model": "core.word",
    "pk": 50,
    "fields": {
        "created": "2018-08-07T23:06:03.356Z",
        "updated": "2018-08-07T23:06:03.356Z",
        "text": "water"
    }
},
{
    "model": "core.word",
    "pk": 51,
    "fields": {
        "created": "2018-08-07T23:06:05.706Z",
        "updated": "2018-08-07T23:06:05.706Z",
        "text": "fire"
    }
},
{
    "model": "core.word",
    "pk": 52,
    "fields": {
        "created": "2018-08-07T23:06:13.326Z",
        "updated": "2018-08-07T23:06:13.326Z",
        "text": "earth"
    }
},
{
    "model": "core.word",
    "pk": 53,
    "fields": {
        "created": "2018-08-07T23:06:41.855Z",
        "updated": "2018-08-07T23:06:41.855Z",
        "text": "electricity"
    }
},
{
    "model": "core.word",
    "pk": 54,
    "fields": {
        "created": "2018-08-07T23:06:51.306Z",
        "updated": "2018-08-07T23:06:51.306Z",
        "text": "light"
    }
},
{
    "model": "core.word",
    "pk": 55,
    "fields": {
        "created": "2018-08-07T23:06:53.380Z",
        "updated": "2018-08-07T23:06:53.380Z",
        "text": "dark"
    }
},
{
    "model": "core.word",
    "pk": 56,
    "fields": {
        "created": "2018-08-07T23:07:02.862Z",
        "updated": "2018-08-07T23:07:02.862Z",
        "text": "alcohol"
    }
},
{
    "model": "core.word",
    "pk": 57,
    "fields": {
        "created": "2018-08-07T23:07:16.139Z",
        "updated": "2018-08-07T23:07:16.139Z",
        "text": "vodka"
    }
},
{
    "model": "core.word",
    "pk": 58,
    "fields": {
        "created": "2018-08-07T23:07:18.446Z",
        "updated": "2018-08-07T23:07:18.446Z",
        "text": "tequila"
    }
},
{
    "model": "core.word",
    "pk": 59,
    "fields": {
        "created": "2018-08-07T23:07:23.960Z",
        "updated": "2018-08-07T23:07:23.960Z",
        "text": "bourbon"
    }
},
{
    "model": "core.word",
    "pk": 60,
    "fields": {
        "created": "2018-08-07T23:07:26.101Z",
        "updated": "2018-08-07T23:07:26.101Z",
        "text": "gin"
    }
}
]
